Title,Price,Rating,Colors,Size,Gender,timestamp,page_number
Unknown Product,1600000.0,0.0,5,M,Men,2025-05-06 06:16:55,1
T-shirt 2,1634400.0,3.9,3,M,Women,2025-05-06 06:16:55,1
Hoodie 3,7950080.0,4.8,3,L,Unisex,2025-05-06 06:16:55,1
Pants 4,7476960.0,3.3,3,XL,Men,2025-05-06 06:16:55,1
Outerwear 5,5145440.0,3.5,3,XXL,Women,2025-05-06 06:16:55,1
Jacket 6,2453920.0,3.3,3,S,Unisex,2025-05-06 06:16:55,1
Crewneck 7,6892000.0,4.3,3,M,Men,2025-05-06 06:16:55,1
T-shirt 8,7802560.0,3.1,3,L,Women,2025-05-06 06:16:55,1
Hoodie 9,3972160.0,3.2,3,XL,Unisex,2025-05-06 06:16:55,1
Pants 10,3100160.0,4.2,3,XXL,Men,2025-05-06 06:16:55,1
Unknown Product,1600000.0,0.0,5,M,Men,2025-05-06 06:16:55,1
Jacket 12,8527840.0,3.9,3,M,Unisex,2025-05-06 06:16:55,1
Crewneck 13,5447200.0,3.2,3,L,Men,2025-05-06 06:16:55,1
T-shirt 14,3248800.0,3.8,3,XL,Women,2025-05-06 06:16:55,1
Hoodie 15,2184160.0,3.6,3,XXL,Unisex,2025-05-06 06:16:55,1
Pants 16,0.0,0.0,8,S,Men,2025-05-06 06:16:55,1
Outerwear 17,841600.0,3.8,3,M,Women,2025-05-06 06:16:55,1
Jacket 18,5500000.0,3.8,3,L,Unisex,2025-05-06 06:16:55,1
Crewneck 19,1308960.0,3.6,3,XL,Men,2025-05-06 06:16:55,1
T-shirt 20,1325600.0,3.4,3,XXL,Women,2025-05-06 06:16:55,1
Unknown Product,1600000.0,0.0,5,M,Men,2025-05-06 06:16:55,2
T-shirt 2,1634400.0,3.9,3,M,Women,2025-05-06 06:16:55,2
Hoodie 3,7950080.0,4.8,3,L,Unisex,2025-05-06 06:16:55,2
Pants 4,7476960.0,3.3,3,XL,Men,2025-05-06 06:16:55,2
Outerwear 5,5145440.0,3.5,3,XXL,Women,2025-05-06 06:16:55,2
Jacket 6,2453920.0,3.3,3,S,Unisex,2025-05-06 06:16:55,2
Crewneck 7,6892000.0,4.3,3,M,Men,2025-05-06 06:16:55,2
T-shirt 8,7802560.0,3.1,3,L,Women,2025-05-06 06:16:55,2
Hoodie 9,3972160.0,3.2,3,XL,Unisex,2025-05-06 06:16:55,2
Pants 10,3100160.0,4.2,3,XXL,Men,2025-05-06 06:16:55,2
Unknown Product,1600000.0,0.0,5,M,Men,2025-05-06 06:16:55,2
Jacket 12,8527840.0,3.9,3,M,Unisex,2025-05-06 06:16:55,2
Crewneck 13,5447200.0,3.2,3,L,Men,2025-05-06 06:16:55,2
T-shirt 14,3248800.0,3.8,3,XL,Women,2025-05-06 06:16:55,2
Hoodie 15,2184160.0,3.6,3,XXL,Unisex,2025-05-06 06:16:55,2
Pants 16,0.0,0.0,8,S,Men,2025-05-06 06:16:55,2
Outerwear 17,841600.0,3.8,3,M,Women,2025-05-06 06:16:55,2
Jacket 18,5500000.0,3.8,3,L,Unisex,2025-05-06 06:16:55,2
Crewneck 19,1308960.0,3.6,3,XL,Men,2025-05-06 06:16:55,2
T-shirt 20,1325600.0,3.4,3,XXL,Women,2025-05-06 06:16:55,2
Unknown Product,1600000.0,0.0,5,M,Men,2025-05-06 06:16:56,3
T-shirt 2,1634400.0,3.9,3,M,Women,2025-05-06 06:16:56,3
Hoodie 3,7950080.0,4.8,3,L,Unisex,2025-05-06 06:16:56,3
Pants 4,7476960.0,3.3,3,XL,Men,2025-05-06 06:16:56,3
Outerwear 5,5145440.0,3.5,3,XXL,Women,2025-05-06 06:16:56,3
Jacket 6,2453920.0,3.3,3,S,Unisex,2025-05-06 06:16:56,3
Crewneck 7,6892000.0,4.3,3,M,Men,2025-05-06 06:16:56,3
T-shirt 8,7802560.0,3.1,3,L,Women,2025-05-06 06:16:56,3
Hoodie 9,3972160.0,3.2,3,XL,Unisex,2025-05-06 06:16:56,3
Pants 10,3100160.0,4.2,3,XXL,Men,2025-05-06 06:16:56,3
Unknown Product,1600000.0,0.0,5,M,Men,2025-05-06 06:16:56,3
Jacket 12,8527840.0,3.9,3,M,Unisex,2025-05-06 06:16:56,3
Crewneck 13,5447200.0,3.2,3,L,Men,2025-05-06 06:16:56,3
T-shirt 14,3248800.0,3.8,3,XL,Women,2025-05-06 06:16:56,3
Hoodie 15,2184160.0,3.6,3,XXL,Unisex,2025-05-06 06:16:56,3
Pants 16,0.0,0.0,8,S,Men,2025-05-06 06:16:56,3
Outerwear 17,841600.0,3.8,3,M,Women,2025-05-06 06:16:56,3
Jacket 18,5500000.0,3.8,3,L,Unisex,2025-05-06 06:16:56,3
Crewneck 19,1308960.0,3.6,3,XL,Men,2025-05-06 06:16:56,3
T-shirt 20,1325600.0,3.4,3,XXL,Women,2025-05-06 06:16:56,3
Unknown Product,1600000.0,0.0,5,M,Men,2025-05-06 06:16:56,4
T-shirt 2,1634400.0,3.9,3,M,Women,2025-05-06 06:16:56,4
Hoodie 3,7950080.0,4.8,3,L,Unisex,2025-05-06 06:16:56,4
Pants 4,7476960.0,3.3,3,XL,Men,2025-05-06 06:16:56,4
Outerwear 5,5145440.0,3.5,3,XXL,Women,2025-05-06 06:16:56,4
Jacket 6,2453920.0,3.3,3,S,Unisex,2025-05-06 06:16:56,4
Crewneck 7,6892000.0,4.3,3,M,Men,2025-05-06 06:16:56,4
T-shirt 8,7802560.0,3.1,3,L,Women,2025-05-06 06:16:56,4
Hoodie 9,3972160.0,3.2,3,XL,Unisex,2025-05-06 06:16:56,4
Pants 10,3100160.0,4.2,3,XXL,Men,2025-05-06 06:16:56,4
Unknown Product,1600000.0,0.0,5,M,Men,2025-05-06 06:16:56,4
Jacket 12,8527840.0,3.9,3,M,Unisex,2025-05-06 06:16:56,4
Crewneck 13,5447200.0,3.2,3,L,Men,2025-05-06 06:16:56,4
T-shirt 14,3248800.0,3.8,3,XL,Women,2025-05-06 06:16:56,4
Hoodie 15,2184160.0,3.6,3,XXL,Unisex,2025-05-06 06:16:56,4
Pants 16,0.0,0.0,8,S,Men,2025-05-06 06:16:56,4
Outerwear 17,841600.0,3.8,3,M,Women,2025-05-06 06:16:56,4
Jacket 18,5500000.0,3.8,3,L,Unisex,2025-05-06 06:16:56,4
Crewneck 19,1308960.0,3.6,3,XL,Men,2025-05-06 06:16:56,4
T-shirt 20,1325600.0,3.4,3,XXL,Women,2025-05-06 06:16:56,4
Unknown Product,1600000.0,0.0,5,M,Men,2025-05-06 06:16:57,5
T-shirt 2,1634400.0,3.9,3,M,Women,2025-05-06 06:16:57,5
Hoodie 3,7950080.0,4.8,3,L,Unisex,2025-05-06 06:16:57,5
Pants 4,7476960.0,3.3,3,XL,Men,2025-05-06 06:16:57,5
Outerwear 5,5145440.0,3.5,3,XXL,Women,2025-05-06 06:16:57,5
Jacket 6,2453920.0,3.3,3,S,Unisex,2025-05-06 06:16:57,5
Crewneck 7,6892000.0,4.3,3,M,Men,2025-05-06 06:16:57,5
T-shirt 8,7802560.0,3.1,3,L,Women,2025-05-06 06:16:57,5
Hoodie 9,3972160.0,3.2,3,XL,Unisex,2025-05-06 06:16:57,5
Pants 10,3100160.0,4.2,3,XXL,Men,2025-05-06 06:16:57,5
Unknown Product,1600000.0,0.0,5,M,Men,2025-05-06 06:16:57,5
Jacket 12,8527840.0,3.9,3,M,Unisex,2025-05-06 06:16:57,5
Crewneck 13,5447200.0,3.2,3,L,Men,2025-05-06 06:16:57,5
T-shirt 14,3248800.0,3.8,3,XL,Women,2025-05-06 06:16:57,5
Hoodie 15,2184160.0,3.6,3,XXL,Unisex,2025-05-06 06:16:57,5
Pants 16,0.0,0.0,8,S,Men,2025-05-06 06:16:57,5
Outerwear 17,841600.0,3.8,3,M,Women,2025-05-06 06:16:57,5
Jacket 18,5500000.0,3.8,3,L,Unisex,2025-05-06 06:16:57,5
Crewneck 19,1308960.0,3.6,3,XL,Men,2025-05-06 06:16:57,5
T-shirt 20,1325600.0,3.4,3,XXL,Women,2025-05-06 06:16:57,5
Unknown Product,1600000.0,0.0,5,M,Men,2025-05-06 06:16:57,6
T-shirt 2,1634400.0,3.9,3,M,Women,2025-05-06 06:16:57,6
Hoodie 3,7950080.0,4.8,3,L,Unisex,2025-05-06 06:16:57,6
Pants 4,7476960.0,3.3,3,XL,Men,2025-05-06 06:16:57,6
Outerwear 5,5145440.0,3.5,3,XXL,Women,2025-05-06 06:16:57,6
Jacket 6,2453920.0,3.3,3,S,Unisex,2025-05-06 06:16:57,6
Crewneck 7,6892000.0,4.3,3,M,Men,2025-05-06 06:16:57,6
T-shirt 8,7802560.0,3.1,3,L,Women,2025-05-06 06:16:57,6
Hoodie 9,3972160.0,3.2,3,XL,Unisex,2025-05-06 06:16:57,6
Pants 10,3100160.0,4.2,3,XXL,Men,2025-05-06 06:16:57,6
Unknown Product,1600000.0,0.0,5,M,Men,2025-05-06 06:16:57,6
Jacket 12,8527840.0,3.9,3,M,Unisex,2025-05-06 06:16:57,6
Crewneck 13,5447200.0,3.2,3,L,Men,2025-05-06 06:16:57,6
T-shirt 14,3248800.0,3.8,3,XL,Women,2025-05-06 06:16:57,6
Hoodie 15,2184160.0,3.6,3,XXL,Unisex,2025-05-06 06:16:57,6
Pants 16,0.0,0.0,8,S,Men,2025-05-06 06:16:57,6
Outerwear 17,841600.0,3.8,3,M,Women,2025-05-06 06:16:57,6
Jacket 18,5500000.0,3.8,3,L,Unisex,2025-05-06 06:16:57,6
Crewneck 19,1308960.0,3.6,3,XL,Men,2025-05-06 06:16:57,6
T-shirt 20,1325600.0,3.4,3,XXL,Women,2025-05-06 06:16:57,6
Unknown Product,1600000.0,0.0,5,M,Men,2025-05-06 06:16:57,7
T-shirt 2,1634400.0,3.9,3,M,Women,2025-05-06 06:16:57,7
Hoodie 3,7950080.0,4.8,3,L,Unisex,2025-05-06 06:16:57,7
Pants 4,7476960.0,3.3,3,XL,Men,2025-05-06 06:16:57,7
Outerwear 5,5145440.0,3.5,3,XXL,Women,2025-05-06 06:16:57,7
Jacket 6,2453920.0,3.3,3,S,Unisex,2025-05-06 06:16:57,7
Crewneck 7,6892000.0,4.3,3,M,Men,2025-05-06 06:16:57,7
T-shirt 8,7802560.0,3.1,3,L,Women,2025-05-06 06:16:57,7
Hoodie 9,3972160.0,3.2,3,XL,Unisex,2025-05-06 06:16:57,7
Pants 10,3100160.0,4.2,3,XXL,Men,2025-05-06 06:16:57,7
Unknown Product,1600000.0,0.0,5,M,Men,2025-05-06 06:16:57,7
Jacket 12,8527840.0,3.9,3,M,Unisex,2025-05-06 06:16:57,7
Crewneck 13,5447200.0,3.2,3,L,Men,2025-05-06 06:16:57,7
T-shirt 14,3248800.0,3.8,3,XL,Women,2025-05-06 06:16:57,7
Hoodie 15,2184160.0,3.6,3,XXL,Unisex,2025-05-06 06:16:57,7
Pants 16,0.0,0.0,8,S,Men,2025-05-06 06:16:57,7
Outerwear 17,841600.0,3.8,3,M,Women,2025-05-06 06:16:57,7
Jacket 18,5500000.0,3.8,3,L,Unisex,2025-05-06 06:16:57,7
Crewneck 19,1308960.0,3.6,3,XL,Men,2025-05-06 06:16:57,7
T-shirt 20,1325600.0,3.4,3,XXL,Women,2025-05-06 06:16:57,7
Unknown Product,1600000.0,0.0,5,M,Men,2025-05-06 06:16:58,8
T-shirt 2,1634400.0,3.9,3,M,Women,2025-05-06 06:16:58,8
Hoodie 3,7950080.0,4.8,3,L,Unisex,2025-05-06 06:16:58,8
Pants 4,7476960.0,3.3,3,XL,Men,2025-05-06 06:16:58,8
Outerwear 5,5145440.0,3.5,3,XXL,Women,2025-05-06 06:16:58,8
Jacket 6,2453920.0,3.3,3,S,Unisex,2025-05-06 06:16:58,8
Crewneck 7,6892000.0,4.3,3,M,Men,2025-05-06 06:16:58,8
T-shirt 8,7802560.0,3.1,3,L,Women,2025-05-06 06:16:58,8
Hoodie 9,3972160.0,3.2,3,XL,Unisex,2025-05-06 06:16:58,8
Pants 10,3100160.0,4.2,3,XXL,Men,2025-05-06 06:16:58,8
Unknown Product,1600000.0,0.0,5,M,Men,2025-05-06 06:16:58,8
Jacket 12,8527840.0,3.9,3,M,Unisex,2025-05-06 06:16:58,8
Crewneck 13,5447200.0,3.2,3,L,Men,2025-05-06 06:16:58,8
T-shirt 14,3248800.0,3.8,3,XL,Women,2025-05-06 06:16:58,8
Hoodie 15,2184160.0,3.6,3,XXL,Unisex,2025-05-06 06:16:58,8
Pants 16,0.0,0.0,8,S,Men,2025-05-06 06:16:58,8
Outerwear 17,841600.0,3.8,3,M,Women,2025-05-06 06:16:58,8
Jacket 18,5500000.0,3.8,3,L,Unisex,2025-05-06 06:16:58,8
Crewneck 19,1308960.0,3.6,3,XL,Men,2025-05-06 06:16:58,8
T-shirt 20,1325600.0,3.4,3,XXL,Women,2025-05-06 06:16:58,8
Unknown Product,1600000.0,0.0,5,M,Men,2025-05-06 06:16:58,9
T-shirt 2,1634400.0,3.9,3,M,Women,2025-05-06 06:16:58,9
Hoodie 3,7950080.0,4.8,3,L,Unisex,2025-05-06 06:16:58,9
Pants 4,7476960.0,3.3,3,XL,Men,2025-05-06 06:16:58,9
Outerwear 5,5145440.0,3.5,3,XXL,Women,2025-05-06 06:16:58,9
Jacket 6,2453920.0,3.3,3,S,Unisex,2025-05-06 06:16:58,9
Crewneck 7,6892000.0,4.3,3,M,Men,2025-05-06 06:16:58,9
T-shirt 8,7802560.0,3.1,3,L,Women,2025-05-06 06:16:58,9
Hoodie 9,3972160.0,3.2,3,XL,Unisex,2025-05-06 06:16:58,9
Pants 10,3100160.0,4.2,3,XXL,Men,2025-05-06 06:16:58,9
Unknown Product,1600000.0,0.0,5,M,Men,2025-05-06 06:16:58,9
Jacket 12,8527840.0,3.9,3,M,Unisex,2025-05-06 06:16:58,9
Crewneck 13,5447200.0,3.2,3,L,Men,2025-05-06 06:16:58,9
T-shirt 14,3248800.0,3.8,3,XL,Women,2025-05-06 06:16:58,9
Hoodie 15,2184160.0,3.6,3,XXL,Unisex,2025-05-06 06:16:58,9
Pants 16,0.0,0.0,8,S,Men,2025-05-06 06:16:58,9
Outerwear 17,841600.0,3.8,3,M,Women,2025-05-06 06:16:58,9
Jacket 18,5500000.0,3.8,3,L,Unisex,2025-05-06 06:16:58,9
Crewneck 19,1308960.0,3.6,3,XL,Men,2025-05-06 06:16:58,9
T-shirt 20,1325600.0,3.4,3,XXL,Women,2025-05-06 06:16:58,9
Unknown Product,1600000.0,0.0,5,M,Men,2025-05-06 06:16:58,10
T-shirt 2,1634400.0,3.9,3,M,Women,2025-05-06 06:16:58,10
Hoodie 3,7950080.0,4.8,3,L,Unisex,2025-05-06 06:16:58,10
Pants 4,7476960.0,3.3,3,XL,Men,2025-05-06 06:16:58,10
Outerwear 5,5145440.0,3.5,3,XXL,Women,2025-05-06 06:16:58,10
Jacket 6,2453920.0,3.3,3,S,Unisex,2025-05-06 06:16:58,10
Crewneck 7,6892000.0,4.3,3,M,Men,2025-05-06 06:16:58,10
T-shirt 8,7802560.0,3.1,3,L,Women,2025-05-06 06:16:58,10
Hoodie 9,3972160.0,3.2,3,XL,Unisex,2025-05-06 06:16:58,10
Pants 10,3100160.0,4.2,3,XXL,Men,2025-05-06 06:16:58,10
Unknown Product,1600000.0,0.0,5,M,Men,2025-05-06 06:16:58,10
Jacket 12,8527840.0,3.9,3,M,Unisex,2025-05-06 06:16:58,10
Crewneck 13,5447200.0,3.2,3,L,Men,2025-05-06 06:16:58,10
T-shirt 14,3248800.0,3.8,3,XL,Women,2025-05-06 06:16:58,10
Hoodie 15,2184160.0,3.6,3,XXL,Unisex,2025-05-06 06:16:58,10
Pants 16,0.0,0.0,8,S,Men,2025-05-06 06:16:58,10
Outerwear 17,841600.0,3.8,3,M,Women,2025-05-06 06:16:58,10
Jacket 18,5500000.0,3.8,3,L,Unisex,2025-05-06 06:16:58,10
Crewneck 19,1308960.0,3.6,3,XL,Men,2025-05-06 06:16:58,10
T-shirt 20,1325600.0,3.4,3,XXL,Women,2025-05-06 06:16:58,10
Unknown Product,1600000.0,0.0,5,M,Men,2025-05-06 06:16:59,11
T-shirt 2,1634400.0,3.9,3,M,Women,2025-05-06 06:16:59,11
Hoodie 3,7950080.0,4.8,3,L,Unisex,2025-05-06 06:16:59,11
Pants 4,7476960.0,3.3,3,XL,Men,2025-05-06 06:16:59,11
Outerwear 5,5145440.0,3.5,3,XXL,Women,2025-05-06 06:16:59,11
Jacket 6,2453920.0,3.3,3,S,Unisex,2025-05-06 06:16:59,11
Crewneck 7,6892000.0,4.3,3,M,Men,2025-05-06 06:16:59,11
T-shirt 8,7802560.0,3.1,3,L,Women,2025-05-06 06:16:59,11
Hoodie 9,3972160.0,3.2,3,XL,Unisex,2025-05-06 06:16:59,11
Pants 10,3100160.0,4.2,3,XXL,Men,2025-05-06 06:16:59,11
Unknown Product,1600000.0,0.0,5,M,Men,2025-05-06 06:16:59,11
Jacket 12,8527840.0,3.9,3,M,Unisex,2025-05-06 06:16:59,11
Crewneck 13,5447200.0,3.2,3,L,Men,2025-05-06 06:16:59,11
T-shirt 14,3248800.0,3.8,3,XL,Women,2025-05-06 06:16:59,11
Hoodie 15,2184160.0,3.6,3,XXL,Unisex,2025-05-06 06:16:59,11
Pants 16,0.0,0.0,8,S,Men,2025-05-06 06:16:59,11
Outerwear 17,841600.0,3.8,3,M,Women,2025-05-06 06:16:59,11
Jacket 18,5500000.0,3.8,3,L,Unisex,2025-05-06 06:16:59,11
Crewneck 19,1308960.0,3.6,3,XL,Men,2025-05-06 06:16:59,11
T-shirt 20,1325600.0,3.4,3,XXL,Women,2025-05-06 06:16:59,11
Unknown Product,1600000.0,0.0,5,M,Men,2025-05-06 06:16:59,12
T-shirt 2,1634400.0,3.9,3,M,Women,2025-05-06 06:16:59,12
Hoodie 3,7950080.0,4.8,3,L,Unisex,2025-05-06 06:16:59,12
Pants 4,7476960.0,3.3,3,XL,Men,2025-05-06 06:16:59,12
Outerwear 5,5145440.0,3.5,3,XXL,Women,2025-05-06 06:16:59,12
Jacket 6,2453920.0,3.3,3,S,Unisex,2025-05-06 06:16:59,12
Crewneck 7,6892000.0,4.3,3,M,Men,2025-05-06 06:16:59,12
T-shirt 8,7802560.0,3.1,3,L,Women,2025-05-06 06:16:59,12
Hoodie 9,3972160.0,3.2,3,XL,Unisex,2025-05-06 06:16:59,12
Pants 10,3100160.0,4.2,3,XXL,Men,2025-05-06 06:16:59,12
Unknown Product,1600000.0,0.0,5,M,Men,2025-05-06 06:16:59,12
Jacket 12,8527840.0,3.9,3,M,Unisex,2025-05-06 06:16:59,12
Crewneck 13,5447200.0,3.2,3,L,Men,2025-05-06 06:16:59,12
T-shirt 14,3248800.0,3.8,3,XL,Women,2025-05-06 06:16:59,12
Hoodie 15,2184160.0,3.6,3,XXL,Unisex,2025-05-06 06:16:59,12
Pants 16,0.0,0.0,8,S,Men,2025-05-06 06:16:59,12
Outerwear 17,841600.0,3.8,3,M,Women,2025-05-06 06:16:59,12
Jacket 18,5500000.0,3.8,3,L,Unisex,2025-05-06 06:16:59,12
Crewneck 19,1308960.0,3.6,3,XL,Men,2025-05-06 06:16:59,12
T-shirt 20,1325600.0,3.4,3,XXL,Women,2025-05-06 06:16:59,12
Unknown Product,1600000.0,0.0,5,M,Men,2025-05-06 06:16:59,13
T-shirt 2,1634400.0,3.9,3,M,Women,2025-05-06 06:17:00,13
Hoodie 3,7950080.0,4.8,3,L,Unisex,2025-05-06 06:17:00,13
Pants 4,7476960.0,3.3,3,XL,Men,2025-05-06 06:17:00,13
Outerwear 5,5145440.0,3.5,3,XXL,Women,2025-05-06 06:17:00,13
Jacket 6,2453920.0,3.3,3,S,Unisex,2025-05-06 06:17:00,13
Crewneck 7,6892000.0,4.3,3,M,Men,2025-05-06 06:17:00,13
T-shirt 8,7802560.0,3.1,3,L,Women,2025-05-06 06:17:00,13
Hoodie 9,3972160.0,3.2,3,XL,Unisex,2025-05-06 06:17:00,13
Pants 10,3100160.0,4.2,3,XXL,Men,2025-05-06 06:17:00,13
Unknown Product,1600000.0,0.0,5,M,Men,2025-05-06 06:17:00,13
Jacket 12,8527840.0,3.9,3,M,Unisex,2025-05-06 06:17:00,13
Crewneck 13,5447200.0,3.2,3,L,Men,2025-05-06 06:17:00,13
T-shirt 14,3248800.0,3.8,3,XL,Women,2025-05-06 06:17:00,13
Hoodie 15,2184160.0,3.6,3,XXL,Unisex,2025-05-06 06:17:00,13
Pants 16,0.0,0.0,8,S,Men,2025-05-06 06:17:00,13
Outerwear 17,841600.0,3.8,3,M,Women,2025-05-06 06:17:00,13
Jacket 18,5500000.0,3.8,3,L,Unisex,2025-05-06 06:17:00,13
Crewneck 19,1308960.0,3.6,3,XL,Men,2025-05-06 06:17:00,13
T-shirt 20,1325600.0,3.4,3,XXL,Women,2025-05-06 06:17:00,13
Unknown Product,1600000.0,0.0,5,M,Men,2025-05-06 06:17:00,14
T-shirt 2,1634400.0,3.9,3,M,Women,2025-05-06 06:17:00,14
Hoodie 3,7950080.0,4.8,3,L,Unisex,2025-05-06 06:17:00,14
Pants 4,7476960.0,3.3,3,XL,Men,2025-05-06 06:17:00,14
Outerwear 5,5145440.0,3.5,3,XXL,Women,2025-05-06 06:17:00,14
Jacket 6,2453920.0,3.3,3,S,Unisex,2025-05-06 06:17:00,14
Crewneck 7,6892000.0,4.3,3,M,Men,2025-05-06 06:17:00,14
T-shirt 8,7802560.0,3.1,3,L,Women,2025-05-06 06:17:00,14
Hoodie 9,3972160.0,3.2,3,XL,Unisex,2025-05-06 06:17:00,14
Pants 10,3100160.0,4.2,3,XXL,Men,2025-05-06 06:17:00,14
Unknown Product,1600000.0,0.0,5,M,Men,2025-05-06 06:17:00,14
Jacket 12,8527840.0,3.9,3,M,Unisex,2025-05-06 06:17:00,14
Crewneck 13,5447200.0,3.2,3,L,Men,2025-05-06 06:17:00,14
T-shirt 14,3248800.0,3.8,3,XL,Women,2025-05-06 06:17:00,14
Hoodie 15,2184160.0,3.6,3,XXL,Unisex,2025-05-06 06:17:00,14
Pants 16,0.0,0.0,8,S,Men,2025-05-06 06:17:00,14
Outerwear 17,841600.0,3.8,3,M,Women,2025-05-06 06:17:00,14
Jacket 18,5500000.0,3.8,3,L,Unisex,2025-05-06 06:17:00,14
Crewneck 19,1308960.0,3.6,3,XL,Men,2025-05-06 06:17:00,14
T-shirt 20,1325600.0,3.4,3,XXL,Women,2025-05-06 06:17:00,14
Unknown Product,1600000.0,0.0,5,M,Men,2025-05-06 06:17:00,15
T-shirt 2,1634400.0,3.9,3,M,Women,2025-05-06 06:17:00,15
Hoodie 3,7950080.0,4.8,3,L,Unisex,2025-05-06 06:17:00,15
Pants 4,7476960.0,3.3,3,XL,Men,2025-05-06 06:17:00,15
Outerwear 5,5145440.0,3.5,3,XXL,Women,2025-05-06 06:17:00,15
Jacket 6,2453920.0,3.3,3,S,Unisex,2025-05-06 06:17:00,15
Crewneck 7,6892000.0,4.3,3,M,Men,2025-05-06 06:17:00,15
T-shirt 8,7802560.0,3.1,3,L,Women,2025-05-06 06:17:00,15
Hoodie 9,3972160.0,3.2,3,XL,Unisex,2025-05-06 06:17:00,15
Pants 10,3100160.0,4.2,3,XXL,Men,2025-05-06 06:17:00,15
Unknown Product,1600000.0,0.0,5,M,Men,2025-05-06 06:17:00,15
Jacket 12,8527840.0,3.9,3,M,Unisex,2025-05-06 06:17:00,15
Crewneck 13,5447200.0,3.2,3,L,Men,2025-05-06 06:17:00,15
T-shirt 14,3248800.0,3.8,3,XL,Women,2025-05-06 06:17:00,15
Hoodie 15,2184160.0,3.6,3,XXL,Unisex,2025-05-06 06:17:00,15
Pants 16,0.0,0.0,8,S,Men,2025-05-06 06:17:00,15
Outerwear 17,841600.0,3.8,3,M,Women,2025-05-06 06:17:00,15
Jacket 18,5500000.0,3.8,3,L,Unisex,2025-05-06 06:17:00,15
Crewneck 19,1308960.0,3.6,3,XL,Men,2025-05-06 06:17:00,15
T-shirt 20,1325600.0,3.4,3,XXL,Women,2025-05-06 06:17:00,15
Unknown Product,1600000.0,0.0,5,M,Men,2025-05-06 06:17:01,16
T-shirt 2,1634400.0,3.9,3,M,Women,2025-05-06 06:17:01,16
Hoodie 3,7950080.0,4.8,3,L,Unisex,2025-05-06 06:17:01,16
Pants 4,7476960.0,3.3,3,XL,Men,2025-05-06 06:17:01,16
Outerwear 5,5145440.0,3.5,3,XXL,Women,2025-05-06 06:17:01,16
Jacket 6,2453920.0,3.3,3,S,Unisex,2025-05-06 06:17:01,16
Crewneck 7,6892000.0,4.3,3,M,Men,2025-05-06 06:17:01,16
T-shirt 8,7802560.0,3.1,3,L,Women,2025-05-06 06:17:01,16
Hoodie 9,3972160.0,3.2,3,XL,Unisex,2025-05-06 06:17:01,16
Pants 10,3100160.0,4.2,3,XXL,Men,2025-05-06 06:17:01,16
Unknown Product,1600000.0,0.0,5,M,Men,2025-05-06 06:17:01,16
Jacket 12,8527840.0,3.9,3,M,Unisex,2025-05-06 06:17:01,16
Crewneck 13,5447200.0,3.2,3,L,Men,2025-05-06 06:17:01,16
T-shirt 14,3248800.0,3.8,3,XL,Women,2025-05-06 06:17:01,16
Hoodie 15,2184160.0,3.6,3,XXL,Unisex,2025-05-06 06:17:01,16
Pants 16,0.0,0.0,8,S,Men,2025-05-06 06:17:01,16
Outerwear 17,841600.0,3.8,3,M,Women,2025-05-06 06:17:01,16
Jacket 18,5500000.0,3.8,3,L,Unisex,2025-05-06 06:17:01,16
Crewneck 19,1308960.0,3.6,3,XL,Men,2025-05-06 06:17:01,16
T-shirt 20,1325600.0,3.4,3,XXL,Women,2025-05-06 06:17:01,16
Unknown Product,1600000.0,0.0,5,M,Men,2025-05-06 06:17:01,17
T-shirt 2,1634400.0,3.9,3,M,Women,2025-05-06 06:17:01,17
Hoodie 3,7950080.0,4.8,3,L,Unisex,2025-05-06 06:17:01,17
Pants 4,7476960.0,3.3,3,XL,Men,2025-05-06 06:17:01,17
Outerwear 5,5145440.0,3.5,3,XXL,Women,2025-05-06 06:17:01,17
Jacket 6,2453920.0,3.3,3,S,Unisex,2025-05-06 06:17:01,17
Crewneck 7,6892000.0,4.3,3,M,Men,2025-05-06 06:17:01,17
T-shirt 8,7802560.0,3.1,3,L,Women,2025-05-06 06:17:01,17
Hoodie 9,3972160.0,3.2,3,XL,Unisex,2025-05-06 06:17:01,17
Pants 10,3100160.0,4.2,3,XXL,Men,2025-05-06 06:17:01,17
Unknown Product,1600000.0,0.0,5,M,Men,2025-05-06 06:17:01,17
Jacket 12,8527840.0,3.9,3,M,Unisex,2025-05-06 06:17:01,17
Crewneck 13,5447200.0,3.2,3,L,Men,2025-05-06 06:17:01,17
T-shirt 14,3248800.0,3.8,3,XL,Women,2025-05-06 06:17:01,17
Hoodie 15,2184160.0,3.6,3,XXL,Unisex,2025-05-06 06:17:01,17
Pants 16,0.0,0.0,8,S,Men,2025-05-06 06:17:01,17
Outerwear 17,841600.0,3.8,3,M,Women,2025-05-06 06:17:01,17
Jacket 18,5500000.0,3.8,3,L,Unisex,2025-05-06 06:17:01,17
Crewneck 19,1308960.0,3.6,3,XL,Men,2025-05-06 06:17:01,17
T-shirt 20,1325600.0,3.4,3,XXL,Women,2025-05-06 06:17:01,17
Unknown Product,1600000.0,0.0,5,M,Men,2025-05-06 06:17:01,18
T-shirt 2,1634400.0,3.9,3,M,Women,2025-05-06 06:17:01,18
Hoodie 3,7950080.0,4.8,3,L,Unisex,2025-05-06 06:17:01,18
Pants 4,7476960.0,3.3,3,XL,Men,2025-05-06 06:17:01,18
Outerwear 5,5145440.0,3.5,3,XXL,Women,2025-05-06 06:17:01,18
Jacket 6,2453920.0,3.3,3,S,Unisex,2025-05-06 06:17:01,18
Crewneck 7,6892000.0,4.3,3,M,Men,2025-05-06 06:17:01,18
T-shirt 8,7802560.0,3.1,3,L,Women,2025-05-06 06:17:01,18
Hoodie 9,3972160.0,3.2,3,XL,Unisex,2025-05-06 06:17:01,18
Pants 10,3100160.0,4.2,3,XXL,Men,2025-05-06 06:17:01,18
Unknown Product,1600000.0,0.0,5,M,Men,2025-05-06 06:17:01,18
Jacket 12,8527840.0,3.9,3,M,Unisex,2025-05-06 06:17:01,18
Crewneck 13,5447200.0,3.2,3,L,Men,2025-05-06 06:17:01,18
T-shirt 14,3248800.0,3.8,3,XL,Women,2025-05-06 06:17:01,18
Hoodie 15,2184160.0,3.6,3,XXL,Unisex,2025-05-06 06:17:01,18
Pants 16,0.0,0.0,8,S,Men,2025-05-06 06:17:01,18
Outerwear 17,841600.0,3.8,3,M,Women,2025-05-06 06:17:01,18
Jacket 18,5500000.0,3.8,3,L,Unisex,2025-05-06 06:17:01,18
Crewneck 19,1308960.0,3.6,3,XL,Men,2025-05-06 06:17:01,18
T-shirt 20,1325600.0,3.4,3,XXL,Women,2025-05-06 06:17:01,18
Unknown Product,1600000.0,0.0,5,M,Men,2025-05-06 06:17:02,19
T-shirt 2,1634400.0,3.9,3,M,Women,2025-05-06 06:17:02,19
Hoodie 3,7950080.0,4.8,3,L,Unisex,2025-05-06 06:17:02,19
Pants 4,7476960.0,3.3,3,XL,Men,2025-05-06 06:17:02,19
Outerwear 5,5145440.0,3.5,3,XXL,Women,2025-05-06 06:17:02,19
Jacket 6,2453920.0,3.3,3,S,Unisex,2025-05-06 06:17:02,19
Crewneck 7,6892000.0,4.3,3,M,Men,2025-05-06 06:17:02,19
T-shirt 8,7802560.0,3.1,3,L,Women,2025-05-06 06:17:02,19
Hoodie 9,3972160.0,3.2,3,XL,Unisex,2025-05-06 06:17:02,19
Pants 10,3100160.0,4.2,3,XXL,Men,2025-05-06 06:17:02,19
Unknown Product,1600000.0,0.0,5,M,Men,2025-05-06 06:17:02,19
Jacket 12,8527840.0,3.9,3,M,Unisex,2025-05-06 06:17:02,19
Crewneck 13,5447200.0,3.2,3,L,Men,2025-05-06 06:17:02,19
T-shirt 14,3248800.0,3.8,3,XL,Women,2025-05-06 06:17:02,19
Hoodie 15,2184160.0,3.6,3,XXL,Unisex,2025-05-06 06:17:02,19
Pants 16,0.0,0.0,8,S,Men,2025-05-06 06:17:02,19
Outerwear 17,841600.0,3.8,3,M,Women,2025-05-06 06:17:02,19
Jacket 18,5500000.0,3.8,3,L,Unisex,2025-05-06 06:17:02,19
Crewneck 19,1308960.0,3.6,3,XL,Men,2025-05-06 06:17:02,19
T-shirt 20,1325600.0,3.4,3,XXL,Women,2025-05-06 06:17:02,19
Unknown Product,1600000.0,0.0,5,M,Men,2025-05-06 06:17:02,20
T-shirt 2,1634400.0,3.9,3,M,Women,2025-05-06 06:17:02,20
Hoodie 3,7950080.0,4.8,3,L,Unisex,2025-05-06 06:17:02,20
Pants 4,7476960.0,3.3,3,XL,Men,2025-05-06 06:17:02,20
Outerwear 5,5145440.0,3.5,3,XXL,Women,2025-05-06 06:17:02,20
Jacket 6,2453920.0,3.3,3,S,Unisex,2025-05-06 06:17:02,20
Crewneck 7,6892000.0,4.3,3,M,Men,2025-05-06 06:17:02,20
T-shirt 8,7802560.0,3.1,3,L,Women,2025-05-06 06:17:02,20
Hoodie 9,3972160.0,3.2,3,XL,Unisex,2025-05-06 06:17:02,20
Pants 10,3100160.0,4.2,3,XXL,Men,2025-05-06 06:17:02,20
Unknown Product,1600000.0,0.0,5,M,Men,2025-05-06 06:17:02,20
Jacket 12,8527840.0,3.9,3,M,Unisex,2025-05-06 06:17:02,20
Crewneck 13,5447200.0,3.2,3,L,Men,2025-05-06 06:17:02,20
T-shirt 14,3248800.0,3.8,3,XL,Women,2025-05-06 06:17:02,20
Hoodie 15,2184160.0,3.6,3,XXL,Unisex,2025-05-06 06:17:02,20
Pants 16,0.0,0.0,8,S,Men,2025-05-06 06:17:02,20
Outerwear 17,841600.0,3.8,3,M,Women,2025-05-06 06:17:02,20
Jacket 18,5500000.0,3.8,3,L,Unisex,2025-05-06 06:17:02,20
Crewneck 19,1308960.0,3.6,3,XL,Men,2025-05-06 06:17:02,20
T-shirt 20,1325600.0,3.4,3,XXL,Women,2025-05-06 06:17:02,20
Unknown Product,1600000.0,0.0,5,M,Men,2025-05-06 06:17:03,21
T-shirt 2,1634400.0,3.9,3,M,Women,2025-05-06 06:17:03,21
Hoodie 3,7950080.0,4.8,3,L,Unisex,2025-05-06 06:17:03,21
Pants 4,7476960.0,3.3,3,XL,Men,2025-05-06 06:17:03,21
Outerwear 5,5145440.0,3.5,3,XXL,Women,2025-05-06 06:17:03,21
Jacket 6,2453920.0,3.3,3,S,Unisex,2025-05-06 06:17:03,21
Crewneck 7,6892000.0,4.3,3,M,Men,2025-05-06 06:17:03,21
T-shirt 8,7802560.0,3.1,3,L,Women,2025-05-06 06:17:03,21
Hoodie 9,3972160.0,3.2,3,XL,Unisex,2025-05-06 06:17:03,21
Pants 10,3100160.0,4.2,3,XXL,Men,2025-05-06 06:17:03,21
Unknown Product,1600000.0,0.0,5,M,Men,2025-05-06 06:17:03,21
Jacket 12,8527840.0,3.9,3,M,Unisex,2025-05-06 06:17:03,21
Crewneck 13,5447200.0,3.2,3,L,Men,2025-05-06 06:17:03,21
T-shirt 14,3248800.0,3.8,3,XL,Women,2025-05-06 06:17:03,21
Hoodie 15,2184160.0,3.6,3,XXL,Unisex,2025-05-06 06:17:03,21
Pants 16,0.0,0.0,8,S,Men,2025-05-06 06:17:03,21
Outerwear 17,841600.0,3.8,3,M,Women,2025-05-06 06:17:03,21
Jacket 18,5500000.0,3.8,3,L,Unisex,2025-05-06 06:17:03,21
Crewneck 19,1308960.0,3.6,3,XL,Men,2025-05-06 06:17:03,21
T-shirt 20,1325600.0,3.4,3,XXL,Women,2025-05-06 06:17:03,21
Unknown Product,1600000.0,0.0,5,M,Men,2025-05-06 06:17:03,22
T-shirt 2,1634400.0,3.9,3,M,Women,2025-05-06 06:17:03,22
Hoodie 3,7950080.0,4.8,3,L,Unisex,2025-05-06 06:17:03,22
Pants 4,7476960.0,3.3,3,XL,Men,2025-05-06 06:17:03,22
Outerwear 5,5145440.0,3.5,3,XXL,Women,2025-05-06 06:17:03,22
Jacket 6,2453920.0,3.3,3,S,Unisex,2025-05-06 06:17:03,22
Crewneck 7,6892000.0,4.3,3,M,Men,2025-05-06 06:17:03,22
T-shirt 8,7802560.0,3.1,3,L,Women,2025-05-06 06:17:03,22
Hoodie 9,3972160.0,3.2,3,XL,Unisex,2025-05-06 06:17:03,22
Pants 10,3100160.0,4.2,3,XXL,Men,2025-05-06 06:17:03,22
Unknown Product,1600000.0,0.0,5,M,Men,2025-05-06 06:17:03,22
Jacket 12,8527840.0,3.9,3,M,Unisex,2025-05-06 06:17:03,22
Crewneck 13,5447200.0,3.2,3,L,Men,2025-05-06 06:17:03,22
T-shirt 14,3248800.0,3.8,3,XL,Women,2025-05-06 06:17:03,22
Hoodie 15,2184160.0,3.6,3,XXL,Unisex,2025-05-06 06:17:03,22
Pants 16,0.0,0.0,8,S,Men,2025-05-06 06:17:03,22
Outerwear 17,841600.0,3.8,3,M,Women,2025-05-06 06:17:03,22
Jacket 18,5500000.0,3.8,3,L,Unisex,2025-05-06 06:17:03,22
Crewneck 19,1308960.0,3.6,3,XL,Men,2025-05-06 06:17:03,22
T-shirt 20,1325600.0,3.4,3,XXL,Women,2025-05-06 06:17:03,22
Unknown Product,1600000.0,0.0,5,M,Men,2025-05-06 06:17:03,23
T-shirt 2,1634400.0,3.9,3,M,Women,2025-05-06 06:17:03,23
Hoodie 3,7950080.0,4.8,3,L,Unisex,2025-05-06 06:17:03,23
Pants 4,7476960.0,3.3,3,XL,Men,2025-05-06 06:17:03,23
Outerwear 5,5145440.0,3.5,3,XXL,Women,2025-05-06 06:17:03,23
Jacket 6,2453920.0,3.3,3,S,Unisex,2025-05-06 06:17:03,23
Crewneck 7,6892000.0,4.3,3,M,Men,2025-05-06 06:17:03,23
T-shirt 8,7802560.0,3.1,3,L,Women,2025-05-06 06:17:03,23
Hoodie 9,3972160.0,3.2,3,XL,Unisex,2025-05-06 06:17:03,23
Pants 10,3100160.0,4.2,3,XXL,Men,2025-05-06 06:17:03,23
Unknown Product,1600000.0,0.0,5,M,Men,2025-05-06 06:17:03,23
Jacket 12,8527840.0,3.9,3,M,Unisex,2025-05-06 06:17:03,23
Crewneck 13,5447200.0,3.2,3,L,Men,2025-05-06 06:17:03,23
T-shirt 14,3248800.0,3.8,3,XL,Women,2025-05-06 06:17:03,23
Hoodie 15,2184160.0,3.6,3,XXL,Unisex,2025-05-06 06:17:03,23
Pants 16,0.0,0.0,8,S,Men,2025-05-06 06:17:03,23
Outerwear 17,841600.0,3.8,3,M,Women,2025-05-06 06:17:03,23
Jacket 18,5500000.0,3.8,3,L,Unisex,2025-05-06 06:17:03,23
Crewneck 19,1308960.0,3.6,3,XL,Men,2025-05-06 06:17:03,23
T-shirt 20,1325600.0,3.4,3,XXL,Women,2025-05-06 06:17:03,23
Unknown Product,1600000.0,0.0,5,M,Men,2025-05-06 06:17:04,24
T-shirt 2,1634400.0,3.9,3,M,Women,2025-05-06 06:17:04,24
Hoodie 3,7950080.0,4.8,3,L,Unisex,2025-05-06 06:17:04,24
Pants 4,7476960.0,3.3,3,XL,Men,2025-05-06 06:17:04,24
Outerwear 5,5145440.0,3.5,3,XXL,Women,2025-05-06 06:17:04,24
Jacket 6,2453920.0,3.3,3,S,Unisex,2025-05-06 06:17:04,24
Crewneck 7,6892000.0,4.3,3,M,Men,2025-05-06 06:17:04,24
T-shirt 8,7802560.0,3.1,3,L,Women,2025-05-06 06:17:04,24
Hoodie 9,3972160.0,3.2,3,XL,Unisex,2025-05-06 06:17:04,24
Pants 10,3100160.0,4.2,3,XXL,Men,2025-05-06 06:17:04,24
Unknown Product,1600000.0,0.0,5,M,Men,2025-05-06 06:17:04,24
Jacket 12,8527840.0,3.9,3,M,Unisex,2025-05-06 06:17:04,24
Crewneck 13,5447200.0,3.2,3,L,Men,2025-05-06 06:17:04,24
T-shirt 14,3248800.0,3.8,3,XL,Women,2025-05-06 06:17:04,24
Hoodie 15,2184160.0,3.6,3,XXL,Unisex,2025-05-06 06:17:04,24
Pants 16,0.0,0.0,8,S,Men,2025-05-06 06:17:04,24
Outerwear 17,841600.0,3.8,3,M,Women,2025-05-06 06:17:04,24
Jacket 18,5500000.0,3.8,3,L,Unisex,2025-05-06 06:17:04,24
Crewneck 19,1308960.0,3.6,3,XL,Men,2025-05-06 06:17:04,24
T-shirt 20,1325600.0,3.4,3,XXL,Women,2025-05-06 06:17:04,24
Unknown Product,1600000.0,0.0,5,M,Men,2025-05-06 06:17:04,25
T-shirt 2,1634400.0,3.9,3,M,Women,2025-05-06 06:17:04,25
Hoodie 3,7950080.0,4.8,3,L,Unisex,2025-05-06 06:17:04,25
Pants 4,7476960.0,3.3,3,XL,Men,2025-05-06 06:17:04,25
Outerwear 5,5145440.0,3.5,3,XXL,Women,2025-05-06 06:17:04,25
Jacket 6,2453920.0,3.3,3,S,Unisex,2025-05-06 06:17:04,25
Crewneck 7,6892000.0,4.3,3,M,Men,2025-05-06 06:17:04,25
T-shirt 8,7802560.0,3.1,3,L,Women,2025-05-06 06:17:04,25
Hoodie 9,3972160.0,3.2,3,XL,Unisex,2025-05-06 06:17:04,25
Pants 10,3100160.0,4.2,3,XXL,Men,2025-05-06 06:17:04,25
Unknown Product,1600000.0,0.0,5,M,Men,2025-05-06 06:17:04,25
Jacket 12,8527840.0,3.9,3,M,Unisex,2025-05-06 06:17:04,25
Crewneck 13,5447200.0,3.2,3,L,Men,2025-05-06 06:17:04,25
T-shirt 14,3248800.0,3.8,3,XL,Women,2025-05-06 06:17:04,25
Hoodie 15,2184160.0,3.6,3,XXL,Unisex,2025-05-06 06:17:04,25
Pants 16,0.0,0.0,8,S,Men,2025-05-06 06:17:04,25
Outerwear 17,841600.0,3.8,3,M,Women,2025-05-06 06:17:04,25
Jacket 18,5500000.0,3.8,3,L,Unisex,2025-05-06 06:17:04,25
Crewneck 19,1308960.0,3.6,3,XL,Men,2025-05-06 06:17:04,25
T-shirt 20,1325600.0,3.4,3,XXL,Women,2025-05-06 06:17:04,25
Unknown Product,1600000.0,0.0,5,M,Men,2025-05-06 06:17:04,26
T-shirt 2,1634400.0,3.9,3,M,Women,2025-05-06 06:17:04,26
Hoodie 3,7950080.0,4.8,3,L,Unisex,2025-05-06 06:17:04,26
Pants 4,7476960.0,3.3,3,XL,Men,2025-05-06 06:17:04,26
Outerwear 5,5145440.0,3.5,3,XXL,Women,2025-05-06 06:17:04,26
Jacket 6,2453920.0,3.3,3,S,Unisex,2025-05-06 06:17:04,26
Crewneck 7,6892000.0,4.3,3,M,Men,2025-05-06 06:17:04,26
T-shirt 8,7802560.0,3.1,3,L,Women,2025-05-06 06:17:04,26
Hoodie 9,3972160.0,3.2,3,XL,Unisex,2025-05-06 06:17:04,26
Pants 10,3100160.0,4.2,3,XXL,Men,2025-05-06 06:17:04,26
Unknown Product,1600000.0,0.0,5,M,Men,2025-05-06 06:17:04,26
Jacket 12,8527840.0,3.9,3,M,Unisex,2025-05-06 06:17:04,26
Crewneck 13,5447200.0,3.2,3,L,Men,2025-05-06 06:17:04,26
T-shirt 14,3248800.0,3.8,3,XL,Women,2025-05-06 06:17:04,26
Hoodie 15,2184160.0,3.6,3,XXL,Unisex,2025-05-06 06:17:04,26
Pants 16,0.0,0.0,8,S,Men,2025-05-06 06:17:04,26
Outerwear 17,841600.0,3.8,3,M,Women,2025-05-06 06:17:04,26
Jacket 18,5500000.0,3.8,3,L,Unisex,2025-05-06 06:17:04,26
Crewneck 19,1308960.0,3.6,3,XL,Men,2025-05-06 06:17:04,26
T-shirt 20,1325600.0,3.4,3,XXL,Women,2025-05-06 06:17:04,26
Unknown Product,1600000.0,0.0,5,M,Men,2025-05-06 06:17:05,27
T-shirt 2,1634400.0,3.9,3,M,Women,2025-05-06 06:17:05,27
Hoodie 3,7950080.0,4.8,3,L,Unisex,2025-05-06 06:17:05,27
Pants 4,7476960.0,3.3,3,XL,Men,2025-05-06 06:17:05,27
Outerwear 5,5145440.0,3.5,3,XXL,Women,2025-05-06 06:17:05,27
Jacket 6,2453920.0,3.3,3,S,Unisex,2025-05-06 06:17:05,27
Crewneck 7,6892000.0,4.3,3,M,Men,2025-05-06 06:17:05,27
T-shirt 8,7802560.0,3.1,3,L,Women,2025-05-06 06:17:05,27
Hoodie 9,3972160.0,3.2,3,XL,Unisex,2025-05-06 06:17:05,27
Pants 10,3100160.0,4.2,3,XXL,Men,2025-05-06 06:17:05,27
Unknown Product,1600000.0,0.0,5,M,Men,2025-05-06 06:17:05,27
Jacket 12,8527840.0,3.9,3,M,Unisex,2025-05-06 06:17:05,27
Crewneck 13,5447200.0,3.2,3,L,Men,2025-05-06 06:17:05,27
T-shirt 14,3248800.0,3.8,3,XL,Women,2025-05-06 06:17:05,27
Hoodie 15,2184160.0,3.6,3,XXL,Unisex,2025-05-06 06:17:05,27
Pants 16,0.0,0.0,8,S,Men,2025-05-06 06:17:05,27
Outerwear 17,841600.0,3.8,3,M,Women,2025-05-06 06:17:05,27
Jacket 18,5500000.0,3.8,3,L,Unisex,2025-05-06 06:17:05,27
Crewneck 19,1308960.0,3.6,3,XL,Men,2025-05-06 06:17:05,27
T-shirt 20,1325600.0,3.4,3,XXL,Women,2025-05-06 06:17:05,27
Unknown Product,1600000.0,0.0,5,M,Men,2025-05-06 06:17:05,28
T-shirt 2,1634400.0,3.9,3,M,Women,2025-05-06 06:17:05,28
Hoodie 3,7950080.0,4.8,3,L,Unisex,2025-05-06 06:17:05,28
Pants 4,7476960.0,3.3,3,XL,Men,2025-05-06 06:17:05,28
Outerwear 5,5145440.0,3.5,3,XXL,Women,2025-05-06 06:17:05,28
Jacket 6,2453920.0,3.3,3,S,Unisex,2025-05-06 06:17:05,28
Crewneck 7,6892000.0,4.3,3,M,Men,2025-05-06 06:17:05,28
T-shirt 8,7802560.0,3.1,3,L,Women,2025-05-06 06:17:05,28
Hoodie 9,3972160.0,3.2,3,XL,Unisex,2025-05-06 06:17:05,28
Pants 10,3100160.0,4.2,3,XXL,Men,2025-05-06 06:17:05,28
Unknown Product,1600000.0,0.0,5,M,Men,2025-05-06 06:17:05,28
Jacket 12,8527840.0,3.9,3,M,Unisex,2025-05-06 06:17:05,28
Crewneck 13,5447200.0,3.2,3,L,Men,2025-05-06 06:17:05,28
T-shirt 14,3248800.0,3.8,3,XL,Women,2025-05-06 06:17:05,28
Hoodie 15,2184160.0,3.6,3,XXL,Unisex,2025-05-06 06:17:05,28
Pants 16,0.0,0.0,8,S,Men,2025-05-06 06:17:05,28
Outerwear 17,841600.0,3.8,3,M,Women,2025-05-06 06:17:05,28
Jacket 18,5500000.0,3.8,3,L,Unisex,2025-05-06 06:17:05,28
Crewneck 19,1308960.0,3.6,3,XL,Men,2025-05-06 06:17:05,28
T-shirt 20,1325600.0,3.4,3,XXL,Women,2025-05-06 06:17:05,28
Unknown Product,1600000.0,0.0,5,M,Men,2025-05-06 06:17:06,29
T-shirt 2,1634400.0,3.9,3,M,Women,2025-05-06 06:17:06,29
Hoodie 3,7950080.0,4.8,3,L,Unisex,2025-05-06 06:17:06,29
Pants 4,7476960.0,3.3,3,XL,Men,2025-05-06 06:17:06,29
Outerwear 5,5145440.0,3.5,3,XXL,Women,2025-05-06 06:17:06,29
Jacket 6,2453920.0,3.3,3,S,Unisex,2025-05-06 06:17:06,29
Crewneck 7,6892000.0,4.3,3,M,Men,2025-05-06 06:17:06,29
T-shirt 8,7802560.0,3.1,3,L,Women,2025-05-06 06:17:06,29
Hoodie 9,3972160.0,3.2,3,XL,Unisex,2025-05-06 06:17:06,29
Pants 10,3100160.0,4.2,3,XXL,Men,2025-05-06 06:17:06,29
Unknown Product,1600000.0,0.0,5,M,Men,2025-05-06 06:17:06,29
Jacket 12,8527840.0,3.9,3,M,Unisex,2025-05-06 06:17:06,29
Crewneck 13,5447200.0,3.2,3,L,Men,2025-05-06 06:17:06,29
T-shirt 14,3248800.0,3.8,3,XL,Women,2025-05-06 06:17:06,29
Hoodie 15,2184160.0,3.6,3,XXL,Unisex,2025-05-06 06:17:06,29
Pants 16,0.0,0.0,8,S,Men,2025-05-06 06:17:06,29
Outerwear 17,841600.0,3.8,3,M,Women,2025-05-06 06:17:06,29
Jacket 18,5500000.0,3.8,3,L,Unisex,2025-05-06 06:17:06,29
Crewneck 19,1308960.0,3.6,3,XL,Men,2025-05-06 06:17:06,29
T-shirt 20,1325600.0,3.4,3,XXL,Women,2025-05-06 06:17:06,29
Unknown Product,1600000.0,0.0,5,M,Men,2025-05-06 06:17:06,30
T-shirt 2,1634400.0,3.9,3,M,Women,2025-05-06 06:17:06,30
Hoodie 3,7950080.0,4.8,3,L,Unisex,2025-05-06 06:17:06,30
Pants 4,7476960.0,3.3,3,XL,Men,2025-05-06 06:17:06,30
Outerwear 5,5145440.0,3.5,3,XXL,Women,2025-05-06 06:17:06,30
Jacket 6,2453920.0,3.3,3,S,Unisex,2025-05-06 06:17:06,30
Crewneck 7,6892000.0,4.3,3,M,Men,2025-05-06 06:17:06,30
T-shirt 8,7802560.0,3.1,3,L,Women,2025-05-06 06:17:06,30
Hoodie 9,3972160.0,3.2,3,XL,Unisex,2025-05-06 06:17:06,30
Pants 10,3100160.0,4.2,3,XXL,Men,2025-05-06 06:17:06,30
Unknown Product,1600000.0,0.0,5,M,Men,2025-05-06 06:17:06,30
Jacket 12,8527840.0,3.9,3,M,Unisex,2025-05-06 06:17:06,30
Crewneck 13,5447200.0,3.2,3,L,Men,2025-05-06 06:17:06,30
T-shirt 14,3248800.0,3.8,3,XL,Women,2025-05-06 06:17:06,30
Hoodie 15,2184160.0,3.6,3,XXL,Unisex,2025-05-06 06:17:06,30
Pants 16,0.0,0.0,8,S,Men,2025-05-06 06:17:06,30
Outerwear 17,841600.0,3.8,3,M,Women,2025-05-06 06:17:06,30
Jacket 18,5500000.0,3.8,3,L,Unisex,2025-05-06 06:17:06,30
Crewneck 19,1308960.0,3.6,3,XL,Men,2025-05-06 06:17:06,30
T-shirt 20,1325600.0,3.4,3,XXL,Women,2025-05-06 06:17:06,30
Unknown Product,1600000.0,0.0,5,M,Men,2025-05-06 06:17:06,31
T-shirt 2,1634400.0,3.9,3,M,Women,2025-05-06 06:17:06,31
Hoodie 3,7950080.0,4.8,3,L,Unisex,2025-05-06 06:17:06,31
Pants 4,7476960.0,3.3,3,XL,Men,2025-05-06 06:17:06,31
Outerwear 5,5145440.0,3.5,3,XXL,Women,2025-05-06 06:17:06,31
Jacket 6,2453920.0,3.3,3,S,Unisex,2025-05-06 06:17:06,31
Crewneck 7,6892000.0,4.3,3,M,Men,2025-05-06 06:17:06,31
T-shirt 8,7802560.0,3.1,3,L,Women,2025-05-06 06:17:06,31
Hoodie 9,3972160.0,3.2,3,XL,Unisex,2025-05-06 06:17:06,31
Pants 10,3100160.0,4.2,3,XXL,Men,2025-05-06 06:17:06,31
Unknown Product,1600000.0,0.0,5,M,Men,2025-05-06 06:17:06,31
Jacket 12,8527840.0,3.9,3,M,Unisex,2025-05-06 06:17:06,31
Crewneck 13,5447200.0,3.2,3,L,Men,2025-05-06 06:17:06,31
T-shirt 14,3248800.0,3.8,3,XL,Women,2025-05-06 06:17:06,31
Hoodie 15,2184160.0,3.6,3,XXL,Unisex,2025-05-06 06:17:06,31
Pants 16,0.0,0.0,8,S,Men,2025-05-06 06:17:06,31
Outerwear 17,841600.0,3.8,3,M,Women,2025-05-06 06:17:06,31
Jacket 18,5500000.0,3.8,3,L,Unisex,2025-05-06 06:17:06,31
Crewneck 19,1308960.0,3.6,3,XL,Men,2025-05-06 06:17:06,31
T-shirt 20,1325600.0,3.4,3,XXL,Women,2025-05-06 06:17:06,31
Unknown Product,1600000.0,0.0,5,M,Men,2025-05-06 06:17:07,32
T-shirt 2,1634400.0,3.9,3,M,Women,2025-05-06 06:17:07,32
Hoodie 3,7950080.0,4.8,3,L,Unisex,2025-05-06 06:17:07,32
Pants 4,7476960.0,3.3,3,XL,Men,2025-05-06 06:17:07,32
Outerwear 5,5145440.0,3.5,3,XXL,Women,2025-05-06 06:17:07,32
Jacket 6,2453920.0,3.3,3,S,Unisex,2025-05-06 06:17:07,32
Crewneck 7,6892000.0,4.3,3,M,Men,2025-05-06 06:17:07,32
T-shirt 8,7802560.0,3.1,3,L,Women,2025-05-06 06:17:07,32
Hoodie 9,3972160.0,3.2,3,XL,Unisex,2025-05-06 06:17:07,32
Pants 10,3100160.0,4.2,3,XXL,Men,2025-05-06 06:17:07,32
Unknown Product,1600000.0,0.0,5,M,Men,2025-05-06 06:17:07,32
Jacket 12,8527840.0,3.9,3,M,Unisex,2025-05-06 06:17:07,32
Crewneck 13,5447200.0,3.2,3,L,Men,2025-05-06 06:17:07,32
T-shirt 14,3248800.0,3.8,3,XL,Women,2025-05-06 06:17:07,32
Hoodie 15,2184160.0,3.6,3,XXL,Unisex,2025-05-06 06:17:07,32
Pants 16,0.0,0.0,8,S,Men,2025-05-06 06:17:07,32
Outerwear 17,841600.0,3.8,3,M,Women,2025-05-06 06:17:07,32
Jacket 18,5500000.0,3.8,3,L,Unisex,2025-05-06 06:17:07,32
Crewneck 19,1308960.0,3.6,3,XL,Men,2025-05-06 06:17:07,32
T-shirt 20,1325600.0,3.4,3,XXL,Women,2025-05-06 06:17:07,32
Unknown Product,1600000.0,0.0,5,M,Men,2025-05-06 06:17:07,33
T-shirt 2,1634400.0,3.9,3,M,Women,2025-05-06 06:17:07,33
Hoodie 3,7950080.0,4.8,3,L,Unisex,2025-05-06 06:17:07,33
Pants 4,7476960.0,3.3,3,XL,Men,2025-05-06 06:17:07,33
Outerwear 5,5145440.0,3.5,3,XXL,Women,2025-05-06 06:17:07,33
Jacket 6,2453920.0,3.3,3,S,Unisex,2025-05-06 06:17:07,33
Crewneck 7,6892000.0,4.3,3,M,Men,2025-05-06 06:17:07,33
T-shirt 8,7802560.0,3.1,3,L,Women,2025-05-06 06:17:07,33
Hoodie 9,3972160.0,3.2,3,XL,Unisex,2025-05-06 06:17:07,33
Pants 10,3100160.0,4.2,3,XXL,Men,2025-05-06 06:17:07,33
Unknown Product,1600000.0,0.0,5,M,Men,2025-05-06 06:17:07,33
Jacket 12,8527840.0,3.9,3,M,Unisex,2025-05-06 06:17:07,33
Crewneck 13,5447200.0,3.2,3,L,Men,2025-05-06 06:17:07,33
T-shirt 14,3248800.0,3.8,3,XL,Women,2025-05-06 06:17:07,33
Hoodie 15,2184160.0,3.6,3,XXL,Unisex,2025-05-06 06:17:07,33
Pants 16,0.0,0.0,8,S,Men,2025-05-06 06:17:07,33
Outerwear 17,841600.0,3.8,3,M,Women,2025-05-06 06:17:07,33
Jacket 18,5500000.0,3.8,3,L,Unisex,2025-05-06 06:17:07,33
Crewneck 19,1308960.0,3.6,3,XL,Men,2025-05-06 06:17:07,33
T-shirt 20,1325600.0,3.4,3,XXL,Women,2025-05-06 06:17:07,33
Unknown Product,1600000.0,0.0,5,M,Men,2025-05-06 06:17:07,34
T-shirt 2,1634400.0,3.9,3,M,Women,2025-05-06 06:17:07,34
Hoodie 3,7950080.0,4.8,3,L,Unisex,2025-05-06 06:17:07,34
Pants 4,7476960.0,3.3,3,XL,Men,2025-05-06 06:17:07,34
Outerwear 5,5145440.0,3.5,3,XXL,Women,2025-05-06 06:17:07,34
Jacket 6,2453920.0,3.3,3,S,Unisex,2025-05-06 06:17:07,34
Crewneck 7,6892000.0,4.3,3,M,Men,2025-05-06 06:17:07,34
T-shirt 8,7802560.0,3.1,3,L,Women,2025-05-06 06:17:07,34
Hoodie 9,3972160.0,3.2,3,XL,Unisex,2025-05-06 06:17:07,34
Pants 10,3100160.0,4.2,3,XXL,Men,2025-05-06 06:17:07,34
Unknown Product,1600000.0,0.0,5,M,Men,2025-05-06 06:17:07,34
Jacket 12,8527840.0,3.9,3,M,Unisex,2025-05-06 06:17:07,34
Crewneck 13,5447200.0,3.2,3,L,Men,2025-05-06 06:17:07,34
T-shirt 14,3248800.0,3.8,3,XL,Women,2025-05-06 06:17:07,34
Hoodie 15,2184160.0,3.6,3,XXL,Unisex,2025-05-06 06:17:07,34
Pants 16,0.0,0.0,8,S,Men,2025-05-06 06:17:07,34
Outerwear 17,841600.0,3.8,3,M,Women,2025-05-06 06:17:07,34
Jacket 18,5500000.0,3.8,3,L,Unisex,2025-05-06 06:17:07,34
Crewneck 19,1308960.0,3.6,3,XL,Men,2025-05-06 06:17:07,34
T-shirt 20,1325600.0,3.4,3,XXL,Women,2025-05-06 06:17:07,34
Unknown Product,1600000.0,0.0,5,M,Men,2025-05-06 06:17:08,35
T-shirt 2,1634400.0,3.9,3,M,Women,2025-05-06 06:17:08,35
Hoodie 3,7950080.0,4.8,3,L,Unisex,2025-05-06 06:17:08,35
Pants 4,7476960.0,3.3,3,XL,Men,2025-05-06 06:17:08,35
Outerwear 5,5145440.0,3.5,3,XXL,Women,2025-05-06 06:17:08,35
Jacket 6,2453920.0,3.3,3,S,Unisex,2025-05-06 06:17:08,35
Crewneck 7,6892000.0,4.3,3,M,Men,2025-05-06 06:17:08,35
T-shirt 8,7802560.0,3.1,3,L,Women,2025-05-06 06:17:08,35
Hoodie 9,3972160.0,3.2,3,XL,Unisex,2025-05-06 06:17:08,35
Pants 10,3100160.0,4.2,3,XXL,Men,2025-05-06 06:17:08,35
Unknown Product,1600000.0,0.0,5,M,Men,2025-05-06 06:17:08,35
Jacket 12,8527840.0,3.9,3,M,Unisex,2025-05-06 06:17:08,35
Crewneck 13,5447200.0,3.2,3,L,Men,2025-05-06 06:17:08,35
T-shirt 14,3248800.0,3.8,3,XL,Women,2025-05-06 06:17:08,35
Hoodie 15,2184160.0,3.6,3,XXL,Unisex,2025-05-06 06:17:08,35
Pants 16,0.0,0.0,8,S,Men,2025-05-06 06:17:08,35
Outerwear 17,841600.0,3.8,3,M,Women,2025-05-06 06:17:08,35
Jacket 18,5500000.0,3.8,3,L,Unisex,2025-05-06 06:17:08,35
Crewneck 19,1308960.0,3.6,3,XL,Men,2025-05-06 06:17:08,35
T-shirt 20,1325600.0,3.4,3,XXL,Women,2025-05-06 06:17:08,35
Unknown Product,1600000.0,0.0,5,M,Men,2025-05-06 06:17:08,36
T-shirt 2,1634400.0,3.9,3,M,Women,2025-05-06 06:17:08,36
Hoodie 3,7950080.0,4.8,3,L,Unisex,2025-05-06 06:17:08,36
Pants 4,7476960.0,3.3,3,XL,Men,2025-05-06 06:17:08,36
Outerwear 5,5145440.0,3.5,3,XXL,Women,2025-05-06 06:17:08,36
Jacket 6,2453920.0,3.3,3,S,Unisex,2025-05-06 06:17:08,36
Crewneck 7,6892000.0,4.3,3,M,Men,2025-05-06 06:17:08,36
T-shirt 8,7802560.0,3.1,3,L,Women,2025-05-06 06:17:08,36
Hoodie 9,3972160.0,3.2,3,XL,Unisex,2025-05-06 06:17:08,36
Pants 10,3100160.0,4.2,3,XXL,Men,2025-05-06 06:17:08,36
Unknown Product,1600000.0,0.0,5,M,Men,2025-05-06 06:17:08,36
Jacket 12,8527840.0,3.9,3,M,Unisex,2025-05-06 06:17:08,36
Crewneck 13,5447200.0,3.2,3,L,Men,2025-05-06 06:17:08,36
T-shirt 14,3248800.0,3.8,3,XL,Women,2025-05-06 06:17:08,36
Hoodie 15,2184160.0,3.6,3,XXL,Unisex,2025-05-06 06:17:08,36
Pants 16,0.0,0.0,8,S,Men,2025-05-06 06:17:08,36
Outerwear 17,841600.0,3.8,3,M,Women,2025-05-06 06:17:08,36
Jacket 18,5500000.0,3.8,3,L,Unisex,2025-05-06 06:17:08,36
Crewneck 19,1308960.0,3.6,3,XL,Men,2025-05-06 06:17:08,36
T-shirt 20,1325600.0,3.4,3,XXL,Women,2025-05-06 06:17:08,36
Unknown Product,1600000.0,0.0,5,M,Men,2025-05-06 06:17:09,37
T-shirt 2,1634400.0,3.9,3,M,Women,2025-05-06 06:17:09,37
Hoodie 3,7950080.0,4.8,3,L,Unisex,2025-05-06 06:17:09,37
Pants 4,7476960.0,3.3,3,XL,Men,2025-05-06 06:17:09,37
Outerwear 5,5145440.0,3.5,3,XXL,Women,2025-05-06 06:17:09,37
Jacket 6,2453920.0,3.3,3,S,Unisex,2025-05-06 06:17:09,37
Crewneck 7,6892000.0,4.3,3,M,Men,2025-05-06 06:17:09,37
T-shirt 8,7802560.0,3.1,3,L,Women,2025-05-06 06:17:09,37
Hoodie 9,3972160.0,3.2,3,XL,Unisex,2025-05-06 06:17:09,37
Pants 10,3100160.0,4.2,3,XXL,Men,2025-05-06 06:17:09,37
Unknown Product,1600000.0,0.0,5,M,Men,2025-05-06 06:17:09,37
Jacket 12,8527840.0,3.9,3,M,Unisex,2025-05-06 06:17:09,37
Crewneck 13,5447200.0,3.2,3,L,Men,2025-05-06 06:17:09,37
T-shirt 14,3248800.0,3.8,3,XL,Women,2025-05-06 06:17:09,37
Hoodie 15,2184160.0,3.6,3,XXL,Unisex,2025-05-06 06:17:09,37
Pants 16,0.0,0.0,8,S,Men,2025-05-06 06:17:09,37
Outerwear 17,841600.0,3.8,3,M,Women,2025-05-06 06:17:09,37
Jacket 18,5500000.0,3.8,3,L,Unisex,2025-05-06 06:17:09,37
Crewneck 19,1308960.0,3.6,3,XL,Men,2025-05-06 06:17:09,37
T-shirt 20,1325600.0,3.4,3,XXL,Women,2025-05-06 06:17:09,37
Unknown Product,1600000.0,0.0,5,M,Men,2025-05-06 06:17:09,38
T-shirt 2,1634400.0,3.9,3,M,Women,2025-05-06 06:17:09,38
Hoodie 3,7950080.0,4.8,3,L,Unisex,2025-05-06 06:17:09,38
Pants 4,7476960.0,3.3,3,XL,Men,2025-05-06 06:17:09,38
Outerwear 5,5145440.0,3.5,3,XXL,Women,2025-05-06 06:17:09,38
Jacket 6,2453920.0,3.3,3,S,Unisex,2025-05-06 06:17:09,38
Crewneck 7,6892000.0,4.3,3,M,Men,2025-05-06 06:17:09,38
T-shirt 8,7802560.0,3.1,3,L,Women,2025-05-06 06:17:09,38
Hoodie 9,3972160.0,3.2,3,XL,Unisex,2025-05-06 06:17:09,38
Pants 10,3100160.0,4.2,3,XXL,Men,2025-05-06 06:17:09,38
Unknown Product,1600000.0,0.0,5,M,Men,2025-05-06 06:17:09,38
Jacket 12,8527840.0,3.9,3,M,Unisex,2025-05-06 06:17:09,38
Crewneck 13,5447200.0,3.2,3,L,Men,2025-05-06 06:17:09,38
T-shirt 14,3248800.0,3.8,3,XL,Women,2025-05-06 06:17:09,38
Hoodie 15,2184160.0,3.6,3,XXL,Unisex,2025-05-06 06:17:09,38
Pants 16,0.0,0.0,8,S,Men,2025-05-06 06:17:09,38
Outerwear 17,841600.0,3.8,3,M,Women,2025-05-06 06:17:09,38
Jacket 18,5500000.0,3.8,3,L,Unisex,2025-05-06 06:17:09,38
Crewneck 19,1308960.0,3.6,3,XL,Men,2025-05-06 06:17:09,38
T-shirt 20,1325600.0,3.4,3,XXL,Women,2025-05-06 06:17:09,38
Unknown Product,1600000.0,0.0,5,M,Men,2025-05-06 06:17:09,39
T-shirt 2,1634400.0,3.9,3,M,Women,2025-05-06 06:17:09,39
Hoodie 3,7950080.0,4.8,3,L,Unisex,2025-05-06 06:17:09,39
Pants 4,7476960.0,3.3,3,XL,Men,2025-05-06 06:17:09,39
Outerwear 5,5145440.0,3.5,3,XXL,Women,2025-05-06 06:17:09,39
Jacket 6,2453920.0,3.3,3,S,Unisex,2025-05-06 06:17:09,39
Crewneck 7,6892000.0,4.3,3,M,Men,2025-05-06 06:17:09,39
T-shirt 8,7802560.0,3.1,3,L,Women,2025-05-06 06:17:09,39
Hoodie 9,3972160.0,3.2,3,XL,Unisex,2025-05-06 06:17:09,39
Pants 10,3100160.0,4.2,3,XXL,Men,2025-05-06 06:17:09,39
Unknown Product,1600000.0,0.0,5,M,Men,2025-05-06 06:17:09,39
Jacket 12,8527840.0,3.9,3,M,Unisex,2025-05-06 06:17:09,39
Crewneck 13,5447200.0,3.2,3,L,Men,2025-05-06 06:17:09,39
T-shirt 14,3248800.0,3.8,3,XL,Women,2025-05-06 06:17:09,39
Hoodie 15,2184160.0,3.6,3,XXL,Unisex,2025-05-06 06:17:09,39
Pants 16,0.0,0.0,8,S,Men,2025-05-06 06:17:09,39
Outerwear 17,841600.0,3.8,3,M,Women,2025-05-06 06:17:09,39
Jacket 18,5500000.0,3.8,3,L,Unisex,2025-05-06 06:17:09,39
Crewneck 19,1308960.0,3.6,3,XL,Men,2025-05-06 06:17:09,39
T-shirt 20,1325600.0,3.4,3,XXL,Women,2025-05-06 06:17:09,39
Unknown Product,1600000.0,0.0,5,M,Men,2025-05-06 06:17:10,40
T-shirt 2,1634400.0,3.9,3,M,Women,2025-05-06 06:17:10,40
Hoodie 3,7950080.0,4.8,3,L,Unisex,2025-05-06 06:17:10,40
Pants 4,7476960.0,3.3,3,XL,Men,2025-05-06 06:17:10,40
Outerwear 5,5145440.0,3.5,3,XXL,Women,2025-05-06 06:17:10,40
Jacket 6,2453920.0,3.3,3,S,Unisex,2025-05-06 06:17:10,40
Crewneck 7,6892000.0,4.3,3,M,Men,2025-05-06 06:17:10,40
T-shirt 8,7802560.0,3.1,3,L,Women,2025-05-06 06:17:10,40
Hoodie 9,3972160.0,3.2,3,XL,Unisex,2025-05-06 06:17:10,40
Pants 10,3100160.0,4.2,3,XXL,Men,2025-05-06 06:17:10,40
Unknown Product,1600000.0,0.0,5,M,Men,2025-05-06 06:17:10,40
Jacket 12,8527840.0,3.9,3,M,Unisex,2025-05-06 06:17:10,40
Crewneck 13,5447200.0,3.2,3,L,Men,2025-05-06 06:17:10,40
T-shirt 14,3248800.0,3.8,3,XL,Women,2025-05-06 06:17:10,40
Hoodie 15,2184160.0,3.6,3,XXL,Unisex,2025-05-06 06:17:10,40
Pants 16,0.0,0.0,8,S,Men,2025-05-06 06:17:10,40
Outerwear 17,841600.0,3.8,3,M,Women,2025-05-06 06:17:10,40
Jacket 18,5500000.0,3.8,3,L,Unisex,2025-05-06 06:17:10,40
Crewneck 19,1308960.0,3.6,3,XL,Men,2025-05-06 06:17:10,40
T-shirt 20,1325600.0,3.4,3,XXL,Women,2025-05-06 06:17:10,40
Unknown Product,1600000.0,0.0,5,M,Men,2025-05-06 06:17:10,41
T-shirt 2,1634400.0,3.9,3,M,Women,2025-05-06 06:17:10,41
Hoodie 3,7950080.0,4.8,3,L,Unisex,2025-05-06 06:17:10,41
Pants 4,7476960.0,3.3,3,XL,Men,2025-05-06 06:17:10,41
Outerwear 5,5145440.0,3.5,3,XXL,Women,2025-05-06 06:17:10,41
Jacket 6,2453920.0,3.3,3,S,Unisex,2025-05-06 06:17:10,41
Crewneck 7,6892000.0,4.3,3,M,Men,2025-05-06 06:17:10,41
T-shirt 8,7802560.0,3.1,3,L,Women,2025-05-06 06:17:10,41
Hoodie 9,3972160.0,3.2,3,XL,Unisex,2025-05-06 06:17:10,41
Pants 10,3100160.0,4.2,3,XXL,Men,2025-05-06 06:17:10,41
Unknown Product,1600000.0,0.0,5,M,Men,2025-05-06 06:17:10,41
Jacket 12,8527840.0,3.9,3,M,Unisex,2025-05-06 06:17:10,41
Crewneck 13,5447200.0,3.2,3,L,Men,2025-05-06 06:17:10,41
T-shirt 14,3248800.0,3.8,3,XL,Women,2025-05-06 06:17:10,41
Hoodie 15,2184160.0,3.6,3,XXL,Unisex,2025-05-06 06:17:10,41
Pants 16,0.0,0.0,8,S,Men,2025-05-06 06:17:10,41
Outerwear 17,841600.0,3.8,3,M,Women,2025-05-06 06:17:10,41
Jacket 18,5500000.0,3.8,3,L,Unisex,2025-05-06 06:17:10,41
Crewneck 19,1308960.0,3.6,3,XL,Men,2025-05-06 06:17:10,41
T-shirt 20,1325600.0,3.4,3,XXL,Women,2025-05-06 06:17:10,41
Unknown Product,1600000.0,0.0,5,M,Men,2025-05-06 06:17:10,42
T-shirt 2,1634400.0,3.9,3,M,Women,2025-05-06 06:17:10,42
Hoodie 3,7950080.0,4.8,3,L,Unisex,2025-05-06 06:17:10,42
Pants 4,7476960.0,3.3,3,XL,Men,2025-05-06 06:17:10,42
Outerwear 5,5145440.0,3.5,3,XXL,Women,2025-05-06 06:17:10,42
Jacket 6,2453920.0,3.3,3,S,Unisex,2025-05-06 06:17:10,42
Crewneck 7,6892000.0,4.3,3,M,Men,2025-05-06 06:17:10,42
T-shirt 8,7802560.0,3.1,3,L,Women,2025-05-06 06:17:10,42
Hoodie 9,3972160.0,3.2,3,XL,Unisex,2025-05-06 06:17:10,42
Pants 10,3100160.0,4.2,3,XXL,Men,2025-05-06 06:17:10,42
Unknown Product,1600000.0,0.0,5,M,Men,2025-05-06 06:17:10,42
Jacket 12,8527840.0,3.9,3,M,Unisex,2025-05-06 06:17:10,42
Crewneck 13,5447200.0,3.2,3,L,Men,2025-05-06 06:17:10,42
T-shirt 14,3248800.0,3.8,3,XL,Women,2025-05-06 06:17:10,42
Hoodie 15,2184160.0,3.6,3,XXL,Unisex,2025-05-06 06:17:10,42
Pants 16,0.0,0.0,8,S,Men,2025-05-06 06:17:10,42
Outerwear 17,841600.0,3.8,3,M,Women,2025-05-06 06:17:10,42
Jacket 18,5500000.0,3.8,3,L,Unisex,2025-05-06 06:17:10,42
Crewneck 19,1308960.0,3.6,3,XL,Men,2025-05-06 06:17:10,42
T-shirt 20,1325600.0,3.4,3,XXL,Women,2025-05-06 06:17:10,42
Unknown Product,1600000.0,0.0,5,M,Men,2025-05-06 06:17:11,43
T-shirt 2,1634400.0,3.9,3,M,Women,2025-05-06 06:17:11,43
Hoodie 3,7950080.0,4.8,3,L,Unisex,2025-05-06 06:17:11,43
Pants 4,7476960.0,3.3,3,XL,Men,2025-05-06 06:17:11,43
Outerwear 5,5145440.0,3.5,3,XXL,Women,2025-05-06 06:17:11,43
Jacket 6,2453920.0,3.3,3,S,Unisex,2025-05-06 06:17:11,43
Crewneck 7,6892000.0,4.3,3,M,Men,2025-05-06 06:17:11,43
T-shirt 8,7802560.0,3.1,3,L,Women,2025-05-06 06:17:11,43
Hoodie 9,3972160.0,3.2,3,XL,Unisex,2025-05-06 06:17:11,43
Pants 10,3100160.0,4.2,3,XXL,Men,2025-05-06 06:17:11,43
Unknown Product,1600000.0,0.0,5,M,Men,2025-05-06 06:17:11,43
Jacket 12,8527840.0,3.9,3,M,Unisex,2025-05-06 06:17:11,43
Crewneck 13,5447200.0,3.2,3,L,Men,2025-05-06 06:17:11,43
T-shirt 14,3248800.0,3.8,3,XL,Women,2025-05-06 06:17:11,43
Hoodie 15,2184160.0,3.6,3,XXL,Unisex,2025-05-06 06:17:11,43
Pants 16,0.0,0.0,8,S,Men,2025-05-06 06:17:11,43
Outerwear 17,841600.0,3.8,3,M,Women,2025-05-06 06:17:11,43
Jacket 18,5500000.0,3.8,3,L,Unisex,2025-05-06 06:17:11,43
Crewneck 19,1308960.0,3.6,3,XL,Men,2025-05-06 06:17:11,43
T-shirt 20,1325600.0,3.4,3,XXL,Women,2025-05-06 06:17:11,43
Unknown Product,1600000.0,0.0,5,M,Men,2025-05-06 06:17:11,44
T-shirt 2,1634400.0,3.9,3,M,Women,2025-05-06 06:17:11,44
Hoodie 3,7950080.0,4.8,3,L,Unisex,2025-05-06 06:17:11,44
Pants 4,7476960.0,3.3,3,XL,Men,2025-05-06 06:17:11,44
Outerwear 5,5145440.0,3.5,3,XXL,Women,2025-05-06 06:17:11,44
Jacket 6,2453920.0,3.3,3,S,Unisex,2025-05-06 06:17:11,44
Crewneck 7,6892000.0,4.3,3,M,Men,2025-05-06 06:17:11,44
T-shirt 8,7802560.0,3.1,3,L,Women,2025-05-06 06:17:11,44
Hoodie 9,3972160.0,3.2,3,XL,Unisex,2025-05-06 06:17:11,44
Pants 10,3100160.0,4.2,3,XXL,Men,2025-05-06 06:17:11,44
Unknown Product,1600000.0,0.0,5,M,Men,2025-05-06 06:17:11,44
Jacket 12,8527840.0,3.9,3,M,Unisex,2025-05-06 06:17:11,44
Crewneck 13,5447200.0,3.2,3,L,Men,2025-05-06 06:17:11,44
T-shirt 14,3248800.0,3.8,3,XL,Women,2025-05-06 06:17:11,44
Hoodie 15,2184160.0,3.6,3,XXL,Unisex,2025-05-06 06:17:11,44
Pants 16,0.0,0.0,8,S,Men,2025-05-06 06:17:11,44
Outerwear 17,841600.0,3.8,3,M,Women,2025-05-06 06:17:11,44
Jacket 18,5500000.0,3.8,3,L,Unisex,2025-05-06 06:17:11,44
Crewneck 19,1308960.0,3.6,3,XL,Men,2025-05-06 06:17:11,44
T-shirt 20,1325600.0,3.4,3,XXL,Women,2025-05-06 06:17:11,44
Unknown Product,1600000.0,0.0,5,M,Men,2025-05-06 06:17:11,45
T-shirt 2,1634400.0,3.9,3,M,Women,2025-05-06 06:17:11,45
Hoodie 3,7950080.0,4.8,3,L,Unisex,2025-05-06 06:17:11,45
Pants 4,7476960.0,3.3,3,XL,Men,2025-05-06 06:17:11,45
Outerwear 5,5145440.0,3.5,3,XXL,Women,2025-05-06 06:17:11,45
Jacket 6,2453920.0,3.3,3,S,Unisex,2025-05-06 06:17:11,45
Crewneck 7,6892000.0,4.3,3,M,Men,2025-05-06 06:17:11,45
T-shirt 8,7802560.0,3.1,3,L,Women,2025-05-06 06:17:11,45
Hoodie 9,3972160.0,3.2,3,XL,Unisex,2025-05-06 06:17:11,45
Pants 10,3100160.0,4.2,3,XXL,Men,2025-05-06 06:17:11,45
Unknown Product,1600000.0,0.0,5,M,Men,2025-05-06 06:17:11,45
Jacket 12,8527840.0,3.9,3,M,Unisex,2025-05-06 06:17:11,45
Crewneck 13,5447200.0,3.2,3,L,Men,2025-05-06 06:17:11,45
T-shirt 14,3248800.0,3.8,3,XL,Women,2025-05-06 06:17:11,45
Hoodie 15,2184160.0,3.6,3,XXL,Unisex,2025-05-06 06:17:11,45
Pants 16,0.0,0.0,8,S,Men,2025-05-06 06:17:11,45
Outerwear 17,841600.0,3.8,3,M,Women,2025-05-06 06:17:11,45
Jacket 18,5500000.0,3.8,3,L,Unisex,2025-05-06 06:17:11,45
Crewneck 19,1308960.0,3.6,3,XL,Men,2025-05-06 06:17:11,45
T-shirt 20,1325600.0,3.4,3,XXL,Women,2025-05-06 06:17:11,45
Unknown Product,1600000.0,0.0,5,M,Men,2025-05-06 06:17:12,46
T-shirt 2,1634400.0,3.9,3,M,Women,2025-05-06 06:17:12,46
Hoodie 3,7950080.0,4.8,3,L,Unisex,2025-05-06 06:17:12,46
Pants 4,7476960.0,3.3,3,XL,Men,2025-05-06 06:17:12,46
Outerwear 5,5145440.0,3.5,3,XXL,Women,2025-05-06 06:17:12,46
Jacket 6,2453920.0,3.3,3,S,Unisex,2025-05-06 06:17:12,46
Crewneck 7,6892000.0,4.3,3,M,Men,2025-05-06 06:17:12,46
T-shirt 8,7802560.0,3.1,3,L,Women,2025-05-06 06:17:12,46
Hoodie 9,3972160.0,3.2,3,XL,Unisex,2025-05-06 06:17:12,46
Pants 10,3100160.0,4.2,3,XXL,Men,2025-05-06 06:17:12,46
Unknown Product,1600000.0,0.0,5,M,Men,2025-05-06 06:17:12,46
Jacket 12,8527840.0,3.9,3,M,Unisex,2025-05-06 06:17:12,46
Crewneck 13,5447200.0,3.2,3,L,Men,2025-05-06 06:17:12,46
T-shirt 14,3248800.0,3.8,3,XL,Women,2025-05-06 06:17:12,46
Hoodie 15,2184160.0,3.6,3,XXL,Unisex,2025-05-06 06:17:12,46
Pants 16,0.0,0.0,8,S,Men,2025-05-06 06:17:12,46
Outerwear 17,841600.0,3.8,3,M,Women,2025-05-06 06:17:12,46
Jacket 18,5500000.0,3.8,3,L,Unisex,2025-05-06 06:17:12,46
Crewneck 19,1308960.0,3.6,3,XL,Men,2025-05-06 06:17:12,46
T-shirt 20,1325600.0,3.4,3,XXL,Women,2025-05-06 06:17:12,46
Unknown Product,1600000.0,0.0,5,M,Men,2025-05-06 06:17:12,47
T-shirt 2,1634400.0,3.9,3,M,Women,2025-05-06 06:17:12,47
Hoodie 3,7950080.0,4.8,3,L,Unisex,2025-05-06 06:17:12,47
Pants 4,7476960.0,3.3,3,XL,Men,2025-05-06 06:17:12,47
Outerwear 5,5145440.0,3.5,3,XXL,Women,2025-05-06 06:17:12,47
Jacket 6,2453920.0,3.3,3,S,Unisex,2025-05-06 06:17:12,47
Crewneck 7,6892000.0,4.3,3,M,Men,2025-05-06 06:17:12,47
T-shirt 8,7802560.0,3.1,3,L,Women,2025-05-06 06:17:12,47
Hoodie 9,3972160.0,3.2,3,XL,Unisex,2025-05-06 06:17:12,47
Pants 10,3100160.0,4.2,3,XXL,Men,2025-05-06 06:17:12,47
Unknown Product,1600000.0,0.0,5,M,Men,2025-05-06 06:17:12,47
Jacket 12,8527840.0,3.9,3,M,Unisex,2025-05-06 06:17:12,47
Crewneck 13,5447200.0,3.2,3,L,Men,2025-05-06 06:17:12,47
T-shirt 14,3248800.0,3.8,3,XL,Women,2025-05-06 06:17:12,47
Hoodie 15,2184160.0,3.6,3,XXL,Unisex,2025-05-06 06:17:12,47
Pants 16,0.0,0.0,8,S,Men,2025-05-06 06:17:12,47
Outerwear 17,841600.0,3.8,3,M,Women,2025-05-06 06:17:12,47
Jacket 18,5500000.0,3.8,3,L,Unisex,2025-05-06 06:17:12,47
Crewneck 19,1308960.0,3.6,3,XL,Men,2025-05-06 06:17:12,47
T-shirt 20,1325600.0,3.4,3,XXL,Women,2025-05-06 06:17:12,47
Unknown Product,1600000.0,0.0,5,M,Men,2025-05-06 06:17:12,48
T-shirt 2,1634400.0,3.9,3,M,Women,2025-05-06 06:17:12,48
Hoodie 3,7950080.0,4.8,3,L,Unisex,2025-05-06 06:17:12,48
Pants 4,7476960.0,3.3,3,XL,Men,2025-05-06 06:17:12,48
Outerwear 5,5145440.0,3.5,3,XXL,Women,2025-05-06 06:17:12,48
Jacket 6,2453920.0,3.3,3,S,Unisex,2025-05-06 06:17:12,48
Crewneck 7,6892000.0,4.3,3,M,Men,2025-05-06 06:17:12,48
T-shirt 8,7802560.0,3.1,3,L,Women,2025-05-06 06:17:12,48
Hoodie 9,3972160.0,3.2,3,XL,Unisex,2025-05-06 06:17:12,48
Pants 10,3100160.0,4.2,3,XXL,Men,2025-05-06 06:17:12,48
Unknown Product,1600000.0,0.0,5,M,Men,2025-05-06 06:17:12,48
Jacket 12,8527840.0,3.9,3,M,Unisex,2025-05-06 06:17:12,48
Crewneck 13,5447200.0,3.2,3,L,Men,2025-05-06 06:17:12,48
T-shirt 14,3248800.0,3.8,3,XL,Women,2025-05-06 06:17:12,48
Hoodie 15,2184160.0,3.6,3,XXL,Unisex,2025-05-06 06:17:13,48
Pants 16,0.0,0.0,8,S,Men,2025-05-06 06:17:13,48
Outerwear 17,841600.0,3.8,3,M,Women,2025-05-06 06:17:13,48
Jacket 18,5500000.0,3.8,3,L,Unisex,2025-05-06 06:17:13,48
Crewneck 19,1308960.0,3.6,3,XL,Men,2025-05-06 06:17:13,48
T-shirt 20,1325600.0,3.4,3,XXL,Women,2025-05-06 06:17:13,48
Unknown Product,1600000.0,0.0,5,M,Men,2025-05-06 06:17:13,49
T-shirt 2,1634400.0,3.9,3,M,Women,2025-05-06 06:17:13,49
Hoodie 3,7950080.0,4.8,3,L,Unisex,2025-05-06 06:17:13,49
Pants 4,7476960.0,3.3,3,XL,Men,2025-05-06 06:17:13,49
Outerwear 5,5145440.0,3.5,3,XXL,Women,2025-05-06 06:17:13,49
Jacket 6,2453920.0,3.3,3,S,Unisex,2025-05-06 06:17:13,49
Crewneck 7,6892000.0,4.3,3,M,Men,2025-05-06 06:17:13,49
T-shirt 8,7802560.0,3.1,3,L,Women,2025-05-06 06:17:13,49
Hoodie 9,3972160.0,3.2,3,XL,Unisex,2025-05-06 06:17:13,49
Pants 10,3100160.0,4.2,3,XXL,Men,2025-05-06 06:17:13,49
Unknown Product,1600000.0,0.0,5,M,Men,2025-05-06 06:17:13,49
Jacket 12,8527840.0,3.9,3,M,Unisex,2025-05-06 06:17:13,49
Crewneck 13,5447200.0,3.2,3,L,Men,2025-05-06 06:17:13,49
T-shirt 14,3248800.0,3.8,3,XL,Women,2025-05-06 06:17:13,49
Hoodie 15,2184160.0,3.6,3,XXL,Unisex,2025-05-06 06:17:13,49
Pants 16,0.0,0.0,8,S,Men,2025-05-06 06:17:13,49
Outerwear 17,841600.0,3.8,3,M,Women,2025-05-06 06:17:13,49
Jacket 18,5500000.0,3.8,3,L,Unisex,2025-05-06 06:17:13,49
Crewneck 19,1308960.0,3.6,3,XL,Men,2025-05-06 06:17:13,49
T-shirt 20,1325600.0,3.4,3,XXL,Women,2025-05-06 06:17:13,49
Unknown Product,1600000.0,0.0,5,M,Men,2025-05-06 06:17:13,50
T-shirt 2,1634400.0,3.9,3,M,Women,2025-05-06 06:17:13,50
Hoodie 3,7950080.0,4.8,3,L,Unisex,2025-05-06 06:17:13,50
Pants 4,7476960.0,3.3,3,XL,Men,2025-05-06 06:17:13,50
Outerwear 5,5145440.0,3.5,3,XXL,Women,2025-05-06 06:17:13,50
Jacket 6,2453920.0,3.3,3,S,Unisex,2025-05-06 06:17:13,50
Crewneck 7,6892000.0,4.3,3,M,Men,2025-05-06 06:17:13,50
T-shirt 8,7802560.0,3.1,3,L,Women,2025-05-06 06:17:13,50
Hoodie 9,3972160.0,3.2,3,XL,Unisex,2025-05-06 06:17:13,50
Pants 10,3100160.0,4.2,3,XXL,Men,2025-05-06 06:17:13,50
Unknown Product,1600000.0,0.0,5,M,Men,2025-05-06 06:17:13,50
Jacket 12,8527840.0,3.9,3,M,Unisex,2025-05-06 06:17:13,50
Crewneck 13,5447200.0,3.2,3,L,Men,2025-05-06 06:17:13,50
T-shirt 14,3248800.0,3.8,3,XL,Women,2025-05-06 06:17:13,50
Hoodie 15,2184160.0,3.6,3,XXL,Unisex,2025-05-06 06:17:13,50
Pants 16,0.0,0.0,8,S,Men,2025-05-06 06:17:13,50
Outerwear 17,841600.0,3.8,3,M,Women,2025-05-06 06:17:13,50
Jacket 18,5500000.0,3.8,3,L,Unisex,2025-05-06 06:17:13,50
Crewneck 19,1308960.0,3.6,3,XL,Men,2025-05-06 06:17:13,50
T-shirt 20,1325600.0,3.4,3,XXL,Women,2025-05-06 06:17:13,50
